Iterations,Training Accuracy,Training Loss,Test Accuracy,Test Loss
0,0.140000000596,233.830169678,0.142399996519,232.149169922
5,0.589999973774,182.329101562,0.52530002594,189.497406006
10,0.680000007153,143.035888672,0.643800020218,137.700424194
15,0.670000016689,97.2436141968,0.754499971867,93.4696655273
20,0.790000021458,72.7481689453,0.818599998951,66.4705657959
25,0.839999973774,52.0539932251,0.846400022507,54.3636741638
30,0.77999997139,65.6441040039,0.843800008297,50.7137489319
35,0.810000002384,60.7153701782,0.860199987888,46.6636047363
40,0.860000014305,45.8031005859,0.870199978352,43.5829963684
45,0.889999985695,33.9333305359,0.875599980354,41.6001663208
50,0.879999995232,41.7019309998,0.881299972534,38.6405181885
55,0.889999985695,31.2918548584,0.882399976254,39.0265655518
60,0.860000014305,34.2060127258,0.898299992085,34.3551559448
65,0.930000007153,28.7683124542,0.894299983978,35.5564880371
70,0.899999976158,39.2672119141,0.906799972057,32.918548584
75,0.889999985695,35.198638916,0.905900001526,32.9623413086
80,0.879999995232,34.9596176147,0.911499977112,30.7279319763
85,0.889999985695,33.0230865479,0.899200022221,33.686050415
90,0.910000026226,34.5354766846,0.905799984932,31.4089183807
95,0.860000014305,47.3240509033,0.919900000095,27.480840683
100,0.939999997616,16.5273170471,0.922200024128,26.7332820892
105,0.879999995232,36.0870933533,0.914099991322,28.7209281921
110,0.899999976158,31.8296051025,0.920899987221,26.9156341553
115,0.959999978542,18.3131351471,0.923900008202,26.4587783813
120,0.889999985695,46.3338928223,0.918200016022,27.6466789246
125,0.930000007153,26.3996639252,0.925300002098,25.3468284607
130,0.97000002861,14.7058296204,0.92720001936,24.4991989136
135,0.910000026226,26.262260437,0.920899987221,25.4654102325
140,0.959999978542,23.486869812,0.930000007153,23.910369873
145,0.910000026226,22.4514408112,0.928600013256,24.9509716034
150,0.920000016689,22.1140155792,0.934199988842,22.7218666077
155,0.920000016689,26.9938621521,0.932200014591,21.8953323364
160,0.949999988079,17.6836471558,0.930899977684,22.835931778
165,0.949999988079,17.952671051,0.934199988842,22.0509910583
170,0.910000026226,31.2550010681,0.934599995613,21.2141990662
175,0.920000016689,26.949382782,0.935500025749,20.4556350708
180,0.889999985695,29.1073741913,0.9333999753,22.8008327484
185,0.920000016689,26.2894096375,0.930700004101,24.1899642944
190,0.889999985695,30.842798233,0.932799994946,22.7163619995
195,0.930000007153,37.266040802,0.928499996662,23.7287101746
200,0.930000007153,36.6760177612,0.933700025082,21.7253646851
205,0.939999997616,20.2936935425,0.944599986076,19.550239563
210,0.959999978542,16.0536251068,0.941699981689,19.5163955688
215,0.899999976158,25.3328895569,0.944999992847,18.4577083588
220,0.930000007153,27.4489917755,0.939599990845,19.61561203
225,0.97000002861,12.9505653381,0.944500029087,18.6745586395
230,0.930000007153,22.723487854,0.942399978638,18.509355545
235,0.959999978542,14.5231704712,0.947000026703,18.5123405457
240,0.920000016689,19.57239151,0.951699972153,16.6166152954
245,0.899999976158,35.0150756836,0.943700015545,17.9424171448
250,0.97000002861,12.4536418915,0.951699972153,16.4558906555
255,0.959999978542,13.5816726685,0.950600028038,16.6477832794
260,0.939999997616,22.0919895172,0.950200021267,16.806634903
265,0.910000026226,28.0862770081,0.952199995518,15.8951129913
270,0.889999985695,30.3600616455,0.949599981308,16.6620616913
275,0.939999997616,17.3126373291,0.951799988747,16.4115028381
280,0.930000007153,31.2599067688,0.951600015163,16.2515907288
285,0.930000007153,26.4565086365,0.949800014496,16.7198505402
290,0.959999978542,16.419303894,0.950800001621,15.9747552872
295,0.980000019073,5.44477272034,0.949500024319,16.5415229797
300,0.939999997616,26.83385849,0.950100004673,16.3503112793
305,0.97000002861,11.0443067551,0.951099991798,15.7336339951
310,0.949999988079,15.8620681763,0.952099978924,16.2351493835
315,0.930000007153,30.8528461456,0.951300024986,16.1782245636
320,0.959999978542,15.4168081284,0.953400015831,15.3691005707
325,0.959999978542,14.3771800995,0.952199995518,15.6854228973
330,0.959999978542,17.6294326782,0.949400007725,16.3176441193
335,0.930000007153,25.7178936005,0.95349997282,15.5815973282
340,0.939999997616,14.3500070572,0.95759999752,13.9381065369
345,0.980000019073,7.26148176193,0.955799996853,14.8200540543
350,0.959999978542,10.2556753159,0.95450001955,15.1705551147
355,0.97000002861,9.64375019073,0.95560002327,14.3373508453
360,0.980000019073,6.64626598358,0.957000017166,14.6539773941
365,0.930000007153,25.1305541992,0.95609998703,14.7904243469
370,0.920000016689,22.8745365143,0.956300020218,14.96641922
375,0.97000002861,13.1646947861,0.956799983978,14.405134201
380,0.980000019073,10.5361003876,0.957799971104,14.3997993469
385,0.959999978542,15.0573749542,0.958400011063,14.0229244232
390,0.949999988079,12.4986076355,0.952099978924,15.1725177765
395,0.97000002861,10.1205921173,0.95759999752,13.7022657394
400,0.97000002861,16.0668144226,0.956700026989,13.9590148926
405,0.949999988079,13.6111497879,0.959699988365,13.2473249435
410,0.949999988079,18.8566036224,0.959900021553,13.2008638382
415,0.949999988079,21.0594177246,0.956600010395,14.3168392181
420,0.980000019073,7.77123880386,0.958299994469,13.6933479309
425,0.949999988079,16.9622421265,0.961000025272,13.0337696075
430,0.959999978542,16.6809005737,0.961000025272,13.2701740265
435,0.959999978542,14.0391111374,0.959399998188,13.6824522018
440,0.949999988079,14.7652845383,0.954900026321,14.3994512558
445,0.939999997616,18.2223701477,0.959100008011,13.3639249802
450,0.959999978542,21.3926258087,0.955799996853,14.1241207123
455,0.980000019073,9.11991214752,0.960399985313,12.4928922653
460,0.980000019073,6.75270986557,0.954200029373,14.261346817
465,0.97000002861,14.0124206543,0.957700014114,13.6411085129
470,0.959999978542,17.2139930725,0.955900013447,13.9163732529
475,0.959999978542,12.7382230759,0.962000012398,12.9870491028
480,0.939999997616,15.6675834656,0.95759999752,14.0474348068
485,1.0,3.06081318855,0.965699970722,11.832192421
490,0.939999997616,14.5515356064,0.958400011063,13.4428243637
495,0.939999997616,23.1528816223,0.96020001173,12.8030357361
500,0.939999997616,14.8968000412,0.964100003242,12.4770431519
505,0.980000019073,8.01320648193,0.960300028324,12.8423643112
510,0.959999978542,9.72304534912,0.961899995804,12.41755867
515,0.980000019073,6.27141237259,0.966499984264,11.1462087631
520,0.959999978542,14.6820545197,0.964900016785,11.3395233154
525,0.980000019073,8.91283607483,0.967199981213,11.2543306351
530,0.980000019073,8.54314613342,0.963599979877,12.1164579391
535,0.97000002861,11.7897691727,0.964299976826,11.9837245941
540,0.97000002861,7.81887388229,0.961000025272,12.7697734833
545,0.939999997616,19.8643417358,0.959800004959,13.4410429001
550,0.980000019073,6.70698595047,0.963800013065,12.0143671036
555,0.990000009537,6.98437595367,0.959299981594,12.6810369492
560,0.949999988079,8.38590431213,0.964699983597,11.8166074753
565,0.990000009537,5.14295864105,0.964200019836,12.1790990829
570,0.959999978542,10.2912626266,0.964900016785,11.4705171585
575,0.980000019073,12.7052326202,0.964100003242,11.3765325546
580,0.949999988079,12.9153137207,0.962000012398,12.0322217941
585,0.97000002861,6.33208370209,0.96280002594,11.6439085007
590,0.920000016689,26.5372638702,0.963500022888,11.5070314407
595,0.939999997616,16.5768299103,0.964299976826,11.2399530411
600,0.930000007153,19.1153049469,0.964699983597,11.8133087158
605,0.959999978542,11.6188726425,0.9674000144,10.5263652802
610,0.990000009537,5.26280879974,0.965699970722,11.2443799973
615,0.959999978542,12.5533866882,0.963199973106,11.2633543015
620,0.97000002861,11.2564535141,0.963699996471,11.2311954498
625,0.980000019073,6.67244625092,0.965300023556,11.3440504074
630,0.959999978542,14.7089557648,0.967999994755,11.1034479141
635,0.939999997616,20.6741523743,0.965200006962,11.8073501587
640,0.949999988079,15.8890428543,0.96850001812,10.5651435852
645,0.97000002861,7.63510847092,0.966400027275,11.2636957169
650,0.980000019073,6.58655548096,0.962100028992,12.0927381516
655,0.97000002861,14.6848602295,0.962000012398,12.0714035034
660,0.959999978542,11.8213682175,0.968599975109,10.3539609909
665,0.97000002861,11.7308835983,0.96850001812,11.0045433044
670,0.980000019073,7.31981897354,0.968599975109,10.5269966125
675,0.97000002861,8.25228786469,0.966300010681,10.5946731567
680,0.959999978542,15.5397415161,0.966400027275,10.9069843292
685,0.959999978542,10.6128005981,0.968299984932,10.4447803497
690,0.980000019073,15.3502721786,0.96850001812,10.237909317
695,0.949999988079,14.7947015762,0.966400027275,10.8554296494
700,0.97000002861,12.4506492615,0.970399975777,10.2244949341
705,0.980000019073,7.47977256775,0.969600021839,10.1249675751
710,1.0,1.78692901134,0.968699991703,10.0114450455
715,0.980000019073,7.80395889282,0.966000020504,10.539683342
720,0.990000009537,8.35681724548,0.965699970722,10.7498188019
725,0.980000019073,11.0647687912,0.966499984264,10.6436452866
730,0.980000019073,6.15086126328,0.968800008297,10.3435125351
735,0.980000019073,9.8057641983,0.969200015068,10.7534456253
740,0.980000019073,5.54483222961,0.967700004578,10.3648681641
745,0.949999988079,9.94832229614,0.966499984264,10.6384220123
750,0.980000019073,9.25593757629,0.966099977493,11.0666332245
755,0.980000019073,6.5589056015,0.967800021172,10.2775592804
760,0.939999997616,16.7690849304,0.969799995422,9.86886882782
765,0.949999988079,11.7755641937,0.968699991703,10.1473093033
770,0.990000009537,8.61073684692,0.970799982548,9.60239505768
775,0.959999978542,8.9873752594,0.967299997807,10.3526639938
780,1.0,2.57974338531,0.96850001812,10.2338705063
785,0.97000002861,12.9231748581,0.967599987984,10.3784990311
790,0.920000016689,16.6132240295,0.966600000858,11.073223114
795,0.980000019073,6.0683631897,0.966600000858,10.6133470535
800,0.949999988079,15.5871391296,0.964600026608,10.9519481659
805,0.990000009537,5.07927036285,0.969699978828,9.61626052856
810,0.97000002861,9.84092617035,0.970700025558,9.43601989746
815,0.990000009537,4.62549972534,0.97159999609,9.34909248352
820,0.959999978542,10.0087223053,0.971199989319,9.34369754791
825,1.0,2.84665775299,0.972299993038,8.93822860718
830,0.959999978542,10.63667202,0.972899973392,8.92354202271
835,0.980000019073,6.50389957428,0.971400022507,9.26556396484
840,0.97000002861,13.020740509,0.968100011349,9.8762550354
845,0.980000019073,5.46112442017,0.969699978828,9.79318809509
850,0.980000019073,8.79469299316,0.970399975777,9.93341732025
855,0.990000009537,4.16800642014,0.969500005245,10.3310861588
860,0.990000009537,3.51736664772,0.970200002193,9.94069385529
865,0.980000019073,8.37139511108,0.969699978828,9.51907634735
870,0.980000019073,5.22657299042,0.971099972725,9.17772102356
875,0.97000002861,7.30765771866,0.971300005913,9.092004776
880,0.990000009537,5.07872200012,0.971300005913,9.06100463867
885,0.959999978542,12.6387300491,0.971700012684,9.11210155487
890,0.97000002861,8.46388149261,0.971400022507,9.64357376099
895,0.980000019073,6.5589094162,0.970799982548,9.76632499695
900,0.990000009537,4.58001565933,0.9700999856,9.48616790771
905,0.980000019073,12.3663406372,0.970399975777,9.5208864212
910,0.949999988079,11.0530033112,0.968200027943,10.5656642914
915,0.97000002861,10.2803211212,0.96850001812,10.0945568085
920,0.97000002861,10.3267097473,0.970600008965,9.60414600372
925,0.97000002861,7.12612342834,0.970600008965,9.43366622925
930,0.949999988079,13.1631011963,0.969699978828,9.17292785645
935,0.990000009537,6.90264177322,0.9700999856,10.0367898941
940,0.959999978542,14.1582641602,0.97159999609,9.28324794769
945,0.959999978542,8.21484088898,0.971000015736,9.24037742615
950,0.97000002861,8.57189941406,0.970300018787,9.51663303375
955,0.959999978542,11.0017137527,0.970899999142,9.49360370636
960,0.97000002861,7.76938343048,0.972500026226,9.05758190155
965,0.980000019073,6.94867753983,0.972999989986,8.88380050659
970,0.97000002861,7.74628686905,0.973900020123,8.62689304352
975,0.990000009537,4.90230369568,0.972999989986,8.55254173279
980,0.939999997616,17.0177612305,0.972800016403,8.75295639038
985,0.980000019073,5.72918748856,0.973599970341,8.43931674957
990,0.990000009537,3.82914757729,0.974500000477,8.55398082733
995,0.990000009537,4.32415437698,0.975000023842,8.44056606293
1000,1.0,2.6113049984,0.971000015736,8.75179576874
1005,0.980000019073,4.88742494583,0.970799982548,8.79235076904
1010,0.97000002861,15.9747552872,0.973200023174,8.61369895935
1015,0.949999988079,13.6974287033,0.973500013351,8.70202159882
1020,0.97000002861,8.79159355164,0.973800003529,8.32534122467
1025,0.980000019073,6.94051361084,0.97159999609,8.63385391235
1030,0.990000009537,5.20728445053,0.971199989319,8.95012950897
1035,0.97000002861,8.69082164764,0.973299980164,8.41638183594
1040,0.980000019073,5.38462209702,0.972999989986,8.50650405884
1045,0.97000002861,8.3863992691,0.974399983883,8.44812011719
1050,0.949999988079,14.6634321213,0.974600017071,8.2902803421
1055,0.980000019073,5.9458193779,0.973699986935,8.29882526398
1060,0.990000009537,3.11674404144,0.972800016403,8.41851902008
1065,0.939999997616,23.361038208,0.971499979496,8.70450592041
1070,0.930000007153,18.0422039032,0.972400009632,8.79373455048
1075,0.980000019073,7.15728759766,0.971800029278,9.42577838898
1080,0.910000026226,18.2301368713,0.970799982548,9.30291366577
1085,0.959999978542,12.3629159927,0.972100019455,9.25876140594
1090,0.980000019073,4.45446872711,0.973999977112,8.39612960815
1095,0.97000002861,9.19010162354,0.973999977112,8.11822891235
1100,0.97000002861,12.9305448532,0.976100027561,8.10917472839
1105,0.990000009537,4.00439500809,0.974600017071,8.645860672
1110,0.949999988079,11.8765296936,0.973900020123,8.64860248566
1115,1.0,2.52049875259,0.973599970341,8.49482345581
1120,0.980000019073,6.01208209991,0.971199989319,8.67783737183
1125,0.990000009537,7.20134973526,0.972100019455,8.69406795502
1130,1.0,2.63373064995,0.970600008965,9.02332782745
1135,0.990000009537,2.39904308319,0.972400009632,8.8348608017
1140,0.939999997616,15.8923473358,0.972199976444,8.77202033997
1145,0.980000019073,4.41355037689,0.974600017071,7.83872509003
1150,0.97000002861,6.87779474258,0.973599970341,7.85160207748
1155,0.959999978542,6.08265924454,0.973200023174,8.21772575378
1160,0.97000002861,7.82259464264,0.972000002861,9.04369544983
1165,0.980000019073,5.87068033218,0.972299993038,9.15554141998
1170,0.980000019073,5.63358926773,0.973299980164,8.63522338867
1175,0.97000002861,11.4629449844,0.975000023842,7.93842363358
1180,0.980000019073,4.58370780945,0.97469997406,7.97112417221
1185,0.949999988079,21.409532547,0.975399971008,8.01767158508
1190,0.990000009537,8.13213157654,0.976300001144,7.69447374344
1195,0.97000002861,10.8662185669,0.975600004196,7.83981609344
1200,0.980000019073,4.90923500061,0.973999977112,8.19982337952
1205,0.959999978542,6.50609827042,0.97469997406,8.21375465393
1210,0.97000002861,5.77205371857,0.974799990654,8.12439346313
1215,0.990000009537,3.86609578133,0.976300001144,7.8894777298
1220,0.980000019073,6.34562969208,0.976300001144,7.87411928177
1225,0.990000009537,3.27975535393,0.977999985218,7.51899623871
1230,0.97000002861,4.45919322968,0.975899994373,7.78800392151
1235,0.990000009537,2.24430465698,0.975799977779,7.96823263168
1240,0.959999978542,14.7811040878,0.972800016403,8.74087715149
1245,0.959999978542,9.27671909332,0.974799990654,8.5024728775
1250,0.959999978542,13.713306427,0.976999998093,7.61349058151
1255,1.0,2.16973638535,0.976300001144,7.61503219604
1260,0.980000019073,4.6918759346,0.97570002079,7.84074831009
1265,0.97000002861,9.00898456573,0.975300014019,7.72435903549
1270,0.980000019073,7.63102626801,0.975600004196,7.78895902634
1275,0.980000019073,5.66287183762,0.974399983883,8.30355358124
1280,1.0,3.29281377792,0.975199997425,8.06111812592
1285,0.97000002861,9.30488491058,0.976899981499,7.46912670135
1290,0.980000019073,6.58021879196,0.975799977779,7.75768327713
1295,0.980000019073,6.60313129425,0.976400017738,7.92563915253
1300,0.980000019073,7.70115613937,0.977100014687,7.54683017731
1305,0.97000002861,9.54186630249,0.977100014687,7.42408800125
1310,0.97000002861,8.64290237427,0.975499987602,8.18394088745
1315,0.980000019073,6.54418563843,0.974099993706,8.19312667847
1320,0.959999978542,8.25212287903,0.976300001144,7.67393684387
1325,0.97000002861,10.4290943146,0.976400017738,7.85207462311
1330,0.97000002861,6.65648555756,0.977699995041,7.26446533203
1335,0.980000019073,8.4305229187,0.977400004864,7.1050195694
1340,0.990000009537,3.86073064804,0.976899981499,7.20994472504
1345,0.980000019073,3.74619579315,0.977599978447,7.25118589401
1350,0.990000009537,2.9564909935,0.977500021458,7.2935500145
1355,0.990000009537,5.53501701355,0.978399991989,7.15749025345
1360,0.959999978542,7.09816837311,0.977800011635,7.3764333725
1365,0.97000002861,9.35163402557,0.978200018406,7.34189128876
1370,1.0,1.90188360214,0.976999998093,7.38095331192
1375,1.0,2.75289869308,0.976800024509,7.37811994553
1380,0.980000019073,6.08165884018,0.976599991322,7.58765649796
1385,1.0,2.69882583618,0.976599991322,7.58522605896
1390,0.990000009537,2.45670318604,0.976899981499,7.51473093033
1395,0.990000009537,6.50864028931,0.975300014019,7.72418308258
1400,0.980000019073,7.16454553604,0.975199997425,7.77624225616
1405,0.959999978542,11.97605896,0.977100014687,7.53679847717
1410,1.0,2.75281095505,0.977199971676,7.29660749435
1415,0.990000009537,2.24091386795,0.976300001144,7.28790998459
1420,0.97000002861,9.09075737,0.974500000477,7.61544942856
1425,0.980000019073,7.55445718765,0.976800024509,7.38055944443
1430,1.0,2.18202829361,0.978299975395,7.36933851242
1435,0.980000019073,4.91509723663,0.977199971676,7.51951169968
1440,0.980000019073,5.37240123749,0.97729998827,7.6831908226
1445,0.980000019073,4.34678936005,0.976300001144,7.85006427765
1450,0.97000002861,8.6867609024,0.975899994373,7.95883560181
1455,0.990000009537,3.09641742706,0.97469997406,8.05900669098
1460,1.0,1.11423277855,0.976700007915,7.75466775894
1465,0.990000009537,2.7704873085,0.97729998827,7.37786865234
1470,0.980000019073,7.35885047913,0.978200018406,7.44930791855
1475,1.0,2.11495041847,0.97619998455,8.14232444763
1480,0.990000009537,3.54178142548,0.977699995041,7.62986326218
1485,0.990000009537,3.39106965065,0.977999985218,7.68141365051
1490,1.0,2.13787531853,0.97729998827,7.92175102234
1495,0.97000002861,8.80588817596,0.977500021458,7.65746927261
1500,0.980000019073,9.92688083649,0.976800024509,7.76736164093
1505,0.990000009537,4.75391483307,0.975600004196,8.0543422699
1510,1.0,2.19541406631,0.976700007915,7.72445201874
1515,0.990000009537,3.08569860458,0.977500021458,7.48799514771
1520,1.0,1.34765338898,0.977800011635,7.31337308884
1525,1.0,1.15878427029,0.97879999876,7.19845581055
1530,0.980000019073,4.52904987335,0.977900028229,7.48619747162
1535,0.990000009537,4.10885238647,0.97729998827,7.8123421669
1540,0.97000002861,7.51220941544,0.978100001812,7.48845863342
1545,0.990000009537,4.1562628746,0.977900028229,7.57546329498
1550,0.97000002861,5.227455616,0.976700007915,7.87766504288
1555,0.980000019073,6.10634899139,0.978200018406,7.39498138428
1560,0.980000019073,8.52481746674,0.976800024509,7.54673337936
1565,0.97000002861,6.60404729843,0.976300001144,7.3422999382
1570,0.97000002861,7.46098470688,0.977900028229,7.03028202057
1575,0.97000002861,8.40490722656,0.978699982166,6.98390245438
1580,0.990000009537,2.31557703018,0.977699995041,7.15649795532
1585,0.980000019073,6.75044965744,0.97619998455,7.33333015442
1590,0.97000002861,5.99995613098,0.977199971676,7.30149841309
1595,0.97000002861,7.27261018753,0.976899981499,7.35474586487
1600,0.980000019073,5.30699062347,0.977500021458,7.49813318253
1605,0.980000019073,5.70431995392,0.977400004864,7.41883611679
1610,1.0,1.65533781052,0.978100001812,7.30708837509
1615,0.97000002861,7.25678062439,0.977199971676,7.60988950729
1620,0.980000019073,2.42135047913,0.977100014687,7.42295360565
1625,0.980000019073,4.11963701248,0.97570002079,7.71708250046
1630,0.959999978542,13.0110216141,0.977100014687,7.64924669266
1635,0.959999978542,7.82922506332,0.976499974728,7.88337230682
1640,0.990000009537,3.29619264603,0.975899994373,7.62443399429
1645,0.980000019073,5.55176115036,0.975300014019,7.81194877625
1650,0.980000019073,4.91980552673,0.974399983883,7.94475650787
1655,0.990000009537,4.5220375061,0.976499974728,7.54476690292
1660,0.980000019073,8.11950206757,0.975399971008,7.73345375061
1665,1.0,2.38883781433,0.97729998827,7.49466133118
1670,0.990000009537,2.7954826355,0.977199971676,7.77208709717
1675,0.959999978542,8.21399211884,0.979099988937,7.24306106567
1680,0.990000009537,3.54570198059,0.979200005531,6.83817720413
1685,0.990000009537,2.77933239937,0.97879999876,6.6530456543
1690,1.0,1.02253782749,0.978699982166,6.85930156708
1695,0.980000019073,3.87340736389,0.979399979115,6.62627077103
1700,0.980000019073,14.8393945694,0.978900015354,6.86006784439
1705,0.990000009537,2.30660510063,0.979099988937,6.82393550873
1710,0.959999978542,9.26554679871,0.979600012302,6.61770248413
1715,0.990000009537,7.31212186813,0.980499982834,6.65029525757
1720,0.980000019073,4.17387151718,0.979099988937,6.90348911285
1725,0.959999978542,8.95934295654,0.978399991989,6.83823156357
1730,0.990000009537,4.80730676651,0.97879999876,6.85548400879
1735,0.990000009537,6.28850460052,0.977100014687,7.22351980209
1740,0.980000019073,11.5300426483,0.977500021458,7.39689397812
1745,0.980000019073,9.98872661591,0.978100001812,7.3948802948
1750,0.990000009537,2.44909310341,0.976999998093,7.2438044548
1755,0.97000002861,9.98603916168,0.976100027561,7.5073094368
1760,0.990000009537,3.90105628967,0.976800024509,7.23962211609
1765,1.0,1.70902836323,0.978100001812,6.96705579758
1770,0.980000019073,9.10358047485,0.977800011635,6.95350933075
1775,0.959999978542,7.12113142014,0.977900028229,7.03668069839
1780,0.980000019073,8.07856464386,0.977199971676,7.14524459839
1785,1.0,3.64581012726,0.97729998827,7.07261943817
1790,0.959999978542,9.88666439056,0.977599978447,7.03373193741
1795,0.97000002861,14.8231401443,0.976999998093,7.10019111633
1800,0.97000002861,8.54040908813,0.975799977779,7.4556350708
1805,0.959999978542,12.9102973938,0.976000010967,7.28328227997
1810,0.980000019073,5.15543317795,0.977699995041,7.18058347702
1815,0.980000019073,6.14397525787,0.978600025177,6.83570814133
1820,0.990000009537,1.99436485767,0.979099988937,6.62646198273
1825,1.0,1.69854402542,0.978100001812,6.74927997589
1830,0.990000009537,2.51648712158,0.977100014687,7.06685018539
1835,0.97000002861,8.73972702026,0.97729998827,6.95145511627
1840,1.0,2.0552945137,0.977400004864,6.81650114059
1845,0.97000002861,11.5350828171,0.977999985218,6.71723413467
1850,0.980000019073,2.74862480164,0.978299975395,6.93838834763
1855,1.0,2.8744134903,0.97729998827,6.95392417908
1860,1.0,2.71337413788,0.978299975395,6.76101875305
1865,1.0,2.80738687515,0.977500021458,6.97257614136
1870,0.990000009537,3.25665998459,0.977999985218,6.90654087067
1875,0.980000019073,9.68235588074,0.979099988937,6.52832889557
1880,0.980000019073,3.78874802589,0.97879999876,6.57090854645
1885,0.97000002861,4.61180496216,0.979099988937,6.87190914154
1890,0.959999978542,11.5898427963,0.979300022125,6.68697929382
1895,0.97000002861,11.6769132614,0.979300022125,7.20491695404
1900,0.980000019073,4.75975131989,0.977100014687,7.71050834656
1905,0.990000009537,3.50100135803,0.97729998827,7.51301336288
1910,0.990000009537,2.98328256607,0.977900028229,7.09372854233
1915,0.959999978542,7.54524755478,0.978299975395,6.94579124451
1920,1.0,1.09110784531,0.978600025177,7.00593566895
1925,1.0,1.38067626953,0.978699982166,6.83949565887
1930,0.97000002861,5.39014625549,0.980000019073,6.68174791336
1935,0.990000009537,3.12045741081,0.979099988937,6.7481098175
1940,1.0,1.41266036034,0.979399979115,6.87632417679
1945,0.980000019073,3.14685845375,0.979300022125,6.83621931076
1950,0.949999988079,14.6951589584,0.978399991989,6.88855886459
1955,1.0,0.305189728737,0.978900015354,6.94107055664
1960,1.0,1.04912805557,0.977400004864,7.18342065811
1965,0.97000002861,6.69285488129,0.978600025177,6.96928071976
1970,0.990000009537,5.02437591553,0.97879999876,6.77296161652
1975,1.0,0.951650381088,0.978699982166,6.73265552521
1980,0.990000009537,3.63188695908,0.977500021458,7.08065032959
1985,0.990000009537,3.16993713379,0.977500021458,7.15207099915
1990,0.990000009537,5.0907831192,0.978200018406,6.86865758896
1995,1.0,1.93037986755,0.978500008583,6.73350334167
2000,0.990000009537,7.15085792542,0.977800011635,7.13668632507
2005,1.0,1.11853301525,0.977900028229,7.20035457611
2010,0.990000009537,25.265296936,0.977999985218,6.8880200386
2015,0.990000009537,5.4737496376,0.977400004864,6.87961673737
2020,0.980000019073,4.4943151474,0.978100001812,6.86332082748
2025,0.980000019073,7.93580055237,0.977800011635,6.85723114014
2030,0.980000019073,6.63648748398,0.977400004864,7.0375995636
2035,0.990000009537,2.14070653915,0.978399991989,6.77085447311
2040,0.980000019073,6.22769260406,0.978200018406,6.76125955582
2045,0.990000009537,5.50555181503,0.978200018406,6.86986446381
2050,0.980000019073,7.76298284531,0.97879999876,6.82130384445
2055,0.990000009537,2.45581579208,0.979600012302,6.48164653778
2060,0.990000009537,2.3228302002,0.978600025177,6.4432516098
2065,1.0,1.11181163788,0.979300022125,6.58123922348
2070,0.990000009537,2.75043058395,0.977199971676,7.16131305695
2075,0.980000019073,8.53681468964,0.977500021458,7.16321563721
2080,0.990000009537,2.96124267578,0.978999972343,6.85716629028
2085,0.980000019073,2.74012827873,0.979799985886,6.663230896
2090,0.990000009537,7.22091960907,0.978399991989,6.66323137283
2095,1.0,1.24365007877,0.979300022125,6.82773447037
2100,1.0,1.0812703371,0.977900028229,7.13503789902
2105,0.97000002861,5.28953123093,0.977800011635,7.18778753281
2110,0.97000002861,6.16082668304,0.977699995041,6.94952011108
2115,0.990000009537,3.18288087845,0.977599978447,6.76912736893
2120,1.0,2.60905170441,0.976899981499,6.81330728531
2125,0.980000019073,6.11405229568,0.977400004864,6.69608926773
2130,0.990000009537,6.59299039841,0.978699982166,6.68030977249
2135,0.97000002861,4.56897830963,0.978399991989,6.73597145081
2140,0.97000002861,7.48075866699,0.978100001812,6.644094944
2145,0.990000009537,5.12967777252,0.979399979115,6.4588842392
2150,1.0,1.2622923851,0.97990000248,6.33188724518
2155,1.0,3.17171096802,0.979099988937,6.43229484558
2160,0.990000009537,3.23672509193,0.979099988937,6.54763936996
2165,0.97000002861,6.55913925171,0.979099988937,6.70055294037
2170,0.990000009537,3.66226887703,0.979499995708,6.50647735596
2175,0.990000009537,5.02828025818,0.979700028896,6.71970319748
2180,0.980000019073,3.01384305954,0.979099988937,7.04545164108
2185,0.980000019073,12.9764509201,0.978399991989,6.98429727554
2190,1.0,1.86002719402,0.97879999876,6.71304178238
2195,0.990000009537,2.40051174164,0.978399991989,6.58674097061
2200,0.990000009537,1.25156414509,0.978699982166,6.62528133392
2205,1.0,1.94784033298,0.97879999876,6.54112768173
2210,0.990000009537,1.9935144186,0.978399991989,6.40430450439
2215,0.990000009537,2.69378829002,0.979300022125,6.4968495369
2220,0.97000002861,7.80466890335,0.979499995708,6.66160440445
2225,0.980000019073,7.99073791504,0.979099988937,6.50165176392
2230,0.990000009537,3.75264430046,0.979700028896,6.30500173569
2235,0.97000002861,8.43989372253,0.980199992657,6.33004140854
2240,0.980000019073,7.2438120842,0.980700016022,6.25673627853
2245,0.980000019073,7.95839214325,0.981100022793,6.18952131271
2250,0.990000009537,2.0500524044,0.980199992657,6.12276506424
2255,0.97000002861,7.96317768097,0.979600012302,6.23509120941
2260,1.0,1.46301305294,0.979799985886,6.31203937531
2265,1.0,2.18330526352,0.980000019073,6.33692884445
2270,0.980000019073,4.68938922882,0.980499982834,6.29252719879
2275,0.980000019073,6.43587350845,0.980400025845,6.23399448395
2280,0.990000009537,6.9625787735,0.980700016022,6.2230887413
2285,1.0,1.07748699188,0.980199992657,6.31105661392
2290,0.980000019073,9.61950874329,0.980300009251,6.38431310654
2295,0.990000009537,4.35002613068,0.980899989605,6.33172082901
2300,0.990000009537,3.94639444351,0.981299996376,6.35728025436
2305,0.990000009537,3.39212965965,0.980499982834,6.29634189606
2310,0.990000009537,4.01001787186,0.980400025845,6.44034528732
2315,0.990000009537,4.31155920029,0.97990000248,6.47739458084
2320,1.0,2.22322845459,0.980000019073,6.43754291534
2325,0.990000009537,2.61993837357,0.980099976063,6.25167655945
2330,0.97000002861,5.54522514343,0.979200005531,6.22669029236
2335,0.990000009537,3.33531045914,0.979399979115,6.38405752182
2340,0.990000009537,1.45388913155,0.978900015354,6.83779287338
2345,0.990000009537,3.1809091568,0.979300022125,6.9113535881
2350,0.990000009537,3.89360332489,0.97990000248,6.62208366394
2355,0.980000019073,3.56718349457,0.979200005531,6.75141716003
2360,0.980000019073,3.20734500885,0.97879999876,6.87293767929
2365,0.980000019073,4.09735488892,0.979499995708,6.62697124481
2370,0.97000002861,12.7422523499,0.979399979115,6.72671890259
2375,1.0,0.963089823723,0.980099976063,6.53969955444
2380,0.990000009537,2.69217562675,0.980400025845,6.4479804039
2385,1.0,1.84373319149,0.980199992657,6.45931577682
2390,0.990000009537,2.54291915894,0.980000019073,6.4074473381
2395,1.0,0.859511613846,0.980499982834,6.43401384354
2400,0.980000019073,5.02645015717,0.980899989605,6.32558441162
2405,0.990000009537,3.22870922089,0.982299983501,6.17676210403
2410,1.0,0.584911823273,0.981999993324,6.08960199356
2415,0.959999978542,11.1499681473,0.981100022793,6.03716278076
2420,0.980000019073,3.34814143181,0.980799973011,6.03379535675
2425,0.990000009537,5.11051416397,0.980300009251,6.17814683914
2430,0.990000009537,2.8037648201,0.980400025845,6.35346078873
2435,0.990000009537,6.49581718445,0.979399979115,6.5674533844
2440,0.990000009537,2.02272081375,0.97990000248,6.28667926788
2445,0.980000019073,4.56896400452,0.980899989605,6.18373537064
2450,0.980000019073,2.43751859665,0.981199979782,6.06484365463
2455,1.0,1.57765424252,0.981500029564,6.01222419739
2460,0.980000019073,3.52677249908,0.982500016689,6.03348112106
2465,0.990000009537,1.89178943634,0.982500016689,6.07206249237
2470,1.0,1.25526559353,0.98299998045,6.10349941254
2475,0.990000009537,9.64940929413,0.982500016689,6.0639834404
2480,0.990000009537,2.90674734116,0.982699990273,5.98402786255
2485,0.980000019073,3.27231216431,0.981999993324,6.07189559937
2490,1.0,0.534335494041,0.980700016022,6.13906812668
2495,1.0,1.16786873341,0.98140001297,6.14466571808
2500,0.990000009537,2.4043431282,0.980400025845,6.33674860001
2505,0.990000009537,3.35427808762,0.980099976063,6.40418291092
2510,1.0,1.84310245514,0.980799973011,6.35058498383
2515,0.990000009537,2.29807972908,0.979600012302,6.46164989471
2520,0.980000019073,4.69709777832,0.980199992657,6.3280916214
2525,0.990000009537,2.78397130966,0.980199992657,6.37235879898
2530,1.0,1.3380292654,0.980099976063,6.57102775574
2535,0.980000019073,2.48724937439,0.980300009251,6.63291978836
2540,0.980000019073,5.92468738556,0.980099976063,6.67884492874
2545,0.980000019073,7.08555412292,0.980599999428,6.45388126373
2550,0.990000009537,3.92645215988,0.980599999428,6.21406936646
2555,0.980000019073,4.88993453979,0.980099976063,6.13946533203
2560,0.980000019073,5.39289903641,0.980499982834,6.17113447189
2565,0.980000019073,4.19915771484,0.97990000248,6.46248531342
2570,0.97000002861,6.76290225983,0.979300022125,6.54435682297
2575,1.0,0.840591669083,0.980199992657,6.17064571381
2580,1.0,0.971646904945,0.979399979115,6.18958997726
2585,0.980000019073,3.91372394562,0.979300022125,6.41178846359
2590,0.97000002861,8.33312511444,0.979200005531,6.34532499313
2595,1.0,0.989852666855,0.980400025845,6.0290389061
2600,0.980000019073,3.31314134598,0.979799985886,6.15761184692
2605,0.990000009537,7.15230464935,0.980400025845,6.41700410843
2610,0.980000019073,8.30714225769,0.97990000248,6.35100603104
2615,1.0,1.03025150299,0.979799985886,6.1959939003
2620,1.0,1.35060095787,0.980499982834,6.07730484009
2625,0.990000009537,1.95033121109,0.980499982834,6.06257677078
2630,1.0,2.2917714119,0.980199992657,6.04756212234
2635,0.990000009537,7.45652484894,0.97990000248,6.19122552872
2640,1.0,0.474618703127,0.980499982834,6.10865736008
2645,0.990000009537,4.96753406525,0.980599999428,6.11692619324
2650,0.980000019073,3.591599226,0.980300009251,6.07150697708
2655,0.97000002861,6.20771741867,0.981100022793,5.97397041321
2660,1.0,0.578097522259,0.980799973011,5.99658823013
2665,0.959999978542,10.813949585,0.979799985886,6.24474859238
2670,1.0,0.620830416679,0.979099988937,6.48812866211
2675,1.0,1.66308009624,0.979099988937,6.61088371277
2680,1.0,0.916807055473,0.980700016022,6.49872636795
2685,0.990000009537,2.67381000519,0.980899989605,6.2231669426
2690,0.990000009537,2.84214830399,0.981000006199,6.0983748436
2695,0.990000009537,6.46271562576,0.980700016022,6.20209217072
2700,0.990000009537,2.64719581604,0.980599999428,6.08793830872
2705,0.990000009537,3.03992557526,0.981000006199,5.96923923492
2710,0.990000009537,2.51823043823,0.981199979782,5.89552307129
2715,1.0,1.73321008682,0.981800019741,5.79941654205
2720,0.990000009537,8.1058921814,0.980899989605,5.91425800323
2725,0.980000019073,7.65958070755,0.980199992657,6.15159702301
2730,0.980000019073,10.3648777008,0.980700016022,6.10433292389
2735,1.0,2.2768406868,0.98140001297,5.86054897308
2740,0.990000009537,3.16599225998,0.98140001297,5.87886285782
2745,1.0,1.29423129559,0.981199979782,6.03341913223
2750,0.990000009537,2.61389136314,0.980899989605,5.96253156662
2755,1.0,1.24999976158,0.98140001297,5.88778686523
2760,0.990000009537,3.11768770218,0.981599986553,5.97968387604
2765,0.990000009537,2.29001235962,0.980899989605,6.09999799728
2770,0.990000009537,3.16776371002,0.980400025845,6.2870016098
2775,0.990000009537,4.67158031464,0.980499982834,6.245241642
2780,1.0,1.13541197777,0.980199992657,6.14368391037
2785,0.990000009537,2.6737651825,0.981700003147,5.96614933014
2790,0.97000002861,4.9330997467,0.981700003147,5.81517124176
2795,1.0,1.25109660625,0.981800019741,5.79826831818
2800,1.0,0.648513615131,0.981700003147,5.78455066681
2805,1.0,0.564665079117,0.981599986553,5.83085441589
2810,0.990000009537,3.78666138649,0.980499982834,5.89538192749
2815,1.0,0.951571643353,0.981100022793,5.9512963295
2820,1.0,2.17618227005,0.981199979782,6.01338243484
2825,0.980000019073,9.72805500031,0.98140001297,6.02100896835
2830,1.0,1.78683292866,0.981599986553,5.92025899887
2835,0.980000019073,3.9677529335,0.981999993324,5.84860944748
2840,1.0,1.11321926117,0.982100009918,5.87036132812
2845,1.0,0.617956876755,0.981800019741,5.92397689819
2850,0.97000002861,7.30144548416,0.981500029564,5.89402103424
2855,0.990000009537,3.11640834808,0.980599999428,5.91631031036
2860,1.0,0.650678753853,0.980499982834,5.87919330597
2865,1.0,0.905631840229,0.980899989605,5.76150369644
2870,0.97000002861,6.42077255249,0.981299996376,5.83390235901
2875,1.0,1.20921349525,0.980700016022,6.07383012772
2880,1.0,3.07769274712,0.980799973011,6.0712647438
2885,0.97000002861,5.57280254364,0.980499982834,6.03603219986
2890,0.980000019073,10.0896615982,0.980000019073,6.21491336823
2895,0.990000009537,3.30655193329,0.979600012302,6.2957406044
2900,0.980000019073,3.3991932869,0.980000019073,6.11388111115
2905,0.990000009537,2.67103767395,0.980199992657,6.18912601471
2910,0.980000019073,6.73540735245,0.980000019073,6.53299856186
2915,1.0,1.61502683163,0.979799985886,6.50909900665
2920,0.990000009537,4.18166971207,0.979499995708,6.34932374954
2925,0.990000009537,9.04440116882,0.980000019073,6.1143579483
2930,0.97000002861,5.58952379227,0.979600012302,6.14092826843
2935,0.990000009537,2.11303281784,0.979799985886,6.19435071945
2940,0.990000009537,2.7388355732,0.980099976063,6.38146686554
2945,1.0,2.24692726135,0.979499995708,6.39756679535
2950,0.990000009537,1.88758993149,0.980799973011,6.20801258087
2955,0.990000009537,2.38786697388,0.98140001297,6.05308294296
2960,0.990000009537,2.41828465462,0.981100022793,6.11049938202
2965,0.990000009537,4.45277786255,0.981299996376,6.09770488739
2970,1.0,0.395667552948,0.981700003147,5.96955823898
2975,0.97000002861,8.28001403809,0.98140001297,5.98232984543
2980,1.0,1.44446063042,0.979399979115,6.17172622681
2985,0.980000019073,5.61258649826,0.980400025845,6.1995472908
2990,0.980000019073,30.8048286438,0.980300009251,6.1264705658
2995,1.0,1.23882555962,0.981000006199,6.09985971451
3000,1.0,0.780135154724,0.981100022793,6.15171194077
3005,1.0,1.97162568569,0.980799973011,6.20155906677
3010,0.990000009537,6.16709852219,0.981000006199,6.21624898911
3015,0.990000009537,4.41679906845,0.98140001297,6.08703041077
3020,0.980000019073,4.25759220123,0.981700003147,5.99486589432
3025,0.990000009537,3.15056300163,0.981100022793,6.06515264511
3030,1.0,2.21682214737,0.981500029564,6.09880876541
3035,1.0,1.34413194656,0.982100009918,6.00794792175
3040,0.97000002861,5.438601017,0.98189997673,6.0112657547
3045,0.990000009537,4.32987165451,0.981500029564,6.05909109116
3050,1.0,2.54062533379,0.980700016022,6.26294469833
3055,0.990000009537,4.70371961594,0.981000006199,6.35082197189
3060,1.0,1.22607052326,0.981599986553,6.24110603333
3065,1.0,0.683291733265,0.982200026512,6.1201915741
3070,0.980000019073,2.95667719841,0.98189997673,6.10198402405
3075,0.990000009537,1.83690845966,0.982599973679,6.05763721466
3080,1.0,0.600689649582,0.982299983501,6.19058465958
3085,0.980000019073,3.10178279877,0.981599986553,6.30470943451
3090,0.980000019073,3.62017631531,0.981599986553,6.3280506134
3095,0.990000009537,10.837264061,0.981299996376,6.30528354645
3100,1.0,1.00453066826,0.980899989605,6.31770420074
3105,0.990000009537,2.49301171303,0.980599999428,6.31744432449
3110,0.97000002861,10.4583768845,0.980300009251,6.25692605972
3115,0.990000009537,1.9195394516,0.980799973011,6.05793619156
3120,0.980000019073,2.44399309158,0.98140001297,6.03508424759
3125,1.0,0.745203256607,0.981100022793,6.03708314896
3130,0.990000009537,2.55769944191,0.981500029564,6.04668807983
3135,0.990000009537,2.33371829987,0.981100022793,6.00626373291
3140,1.0,2.44440793991,0.980700016022,6.21239805222
3145,0.990000009537,3.76122140884,0.979700028896,6.36208343506
3150,0.990000009537,1.27529752254,0.980599999428,6.38007450104
3155,1.0,0.928484559059,0.980599999428,6.33444881439
3160,0.990000009537,1.98080778122,0.980899989605,6.11035394669
3165,1.0,1.15417742729,0.981500029564,5.92491769791
3170,1.0,1.46956253052,0.981500029564,6.0903172493
3175,0.990000009537,1.60128998756,0.98140001297,6.16883420944
3180,0.990000009537,1.8854072094,0.981500029564,6.03436756134
3185,0.990000009537,3.23802685738,0.981999993324,5.98413562775
3190,0.990000009537,1.27128911018,0.981199979782,6.14587163925
3195,1.0,2.44317817688,0.980899989605,6.25905227661
3200,1.0,0.587046384811,0.980799973011,6.25155925751
3205,1.0,0.628389954567,0.982100009918,6.04593753815
3210,0.990000009537,1.56415629387,0.982200026512,5.92311954498
3215,0.990000009537,2.64844942093,0.98189997673,5.88592195511
3220,0.949999988079,18.2790374756,0.982100009918,5.84190607071
3225,0.990000009537,4.65034103394,0.98189997673,5.90356826782
3230,0.980000019073,5.56197118759,0.982100009918,6.07108783722
3235,1.0,0.567573428154,0.981299996376,6.27705669403
3240,1.0,1.18486344814,0.981100022793,6.49180984497
3245,1.0,1.14193797112,0.980300009251,6.54902839661
3250,0.980000019073,2.33923220634,0.980799973011,6.31292772293
3255,0.990000009537,3.14824795723,0.981000006199,6.12032699585
3260,0.990000009537,1.3811507225,0.981500029564,6.07379579544
3265,0.990000009537,1.76765358448,0.982699990273,6.03394937515
3270,0.990000009537,3.62444829941,0.982699990273,5.96621704102
3275,1.0,1.05845451355,0.982699990273,5.86248731613
3280,1.0,1.03238081932,0.982599973679,5.74326944351
3285,0.990000009537,4.80809545517,0.982599973679,5.77831029892
3290,1.0,1.4226899147,0.98189997673,5.85551166534
3295,0.959999978542,8.25744819641,0.981500029564,5.92770624161
3300,0.980000019073,5.61756515503,0.981800019741,5.82393980026
3305,1.0,1.19831418991,0.982200026512,5.88666629791
3310,1.0,1.05726516247,0.982800006866,6.01986885071
3315,0.990000009537,2.82340526581,0.982200026512,6.05962562561
3320,0.97000002861,4.97885417938,0.981700003147,6.00716161728
3325,1.0,0.851547002792,0.981599986553,6.12816667557
3330,1.0,2.11465358734,0.981700003147,6.02042913437
3335,1.0,0.256943583488,0.981599986553,5.84164190292
3340,1.0,2.06847238541,0.981500029564,5.77654600143
3345,0.990000009537,3.71455860138,0.980599999428,5.83592844009
3350,0.990000009537,2.46987819672,0.98140001297,5.81107187271
3355,0.980000019073,3.70485305786,0.981700003147,6.01130390167
3360,1.0,1.16361951828,0.981199979782,6.0791888237
3365,1.0,3.01537227631,0.981100022793,5.95172405243
3370,0.990000009537,2.07854700089,0.981299996376,5.84054327011
3375,0.97000002861,10.0541706085,0.981599986553,5.72913217545
3380,0.980000019073,4.79916000366,0.981700003147,5.66884708405
3385,0.990000009537,3.46955275536,0.982100009918,5.64381980896
3390,1.0,1.46241474152,0.981999993324,5.72208738327
3395,0.990000009537,2.42881274223,0.982299983501,5.72304201126
3400,0.980000019073,7.69778060913,0.981999993324,5.77515697479
3405,0.980000019073,4.66322851181,0.98140001297,5.782330513
3410,0.990000009537,3.11095762253,0.981999993324,5.74834442139
3415,0.990000009537,2.61946868896,0.981800019741,5.86788272858
3420,1.0,0.463155388832,0.981800019741,5.9204826355
3425,0.990000009537,1.76308917999,0.982299983501,5.85765600204
3430,0.990000009537,2.7317070961,0.981500029564,5.77592182159
3435,0.990000009537,2.28417992592,0.982100009918,5.75174713135
3440,1.0,1.23965787888,0.98189997673,5.72799539566
3445,0.980000019073,3.85926413536,0.98189997673,5.71554088593
3450,1.0,0.654627203941,0.982200026512,5.68151712418
3455,0.990000009537,2.41690182686,0.982400000095,5.65943908691
3460,0.990000009537,5.55234336853,0.98189997673,5.69037818909
3465,0.959999978542,8.18815898895,0.982200026512,5.6325173378
3470,0.990000009537,1.43302106857,0.982100009918,5.59450864792
3475,1.0,0.953435063362,0.982699990273,5.65774679184
3480,0.990000009537,4.2893409729,0.982500016689,5.78087759018
3485,0.980000019073,5.19575643539,0.982400000095,5.89175415039
3490,0.990000009537,4.71371889114,0.982699990273,5.88187122345
3495,0.990000009537,2.59996461868,0.983099997044,5.80203008652
3500,0.990000009537,1.25658559799,0.982599973679,5.88459777832
3505,1.0,0.31994920969,0.981599986553,6.07496404648
3510,0.990000009537,2.43276166916,0.982400000095,5.96326303482
3515,0.980000019073,3.4622232914,0.982599973679,5.94114732742
3520,1.0,0.834567308426,0.981800019741,5.97674417496
3525,1.0,0.553263247013,0.981500029564,5.99513912201
3530,0.980000019073,2.61424803734,0.98189997673,5.9222035408
3535,1.0,1.46776247025,0.981700003147,5.93062639236
3540,0.990000009537,5.37691450119,0.981100022793,5.93945407867
3545,0.990000009537,1.51937961578,0.98140001297,6.07307004929
3550,1.0,0.96439409256,0.979499995708,6.38905525208
3555,1.0,0.639397382736,0.978999972343,6.52458572388
3560,0.990000009537,2.7677590847,0.979200005531,6.4905090332
3565,0.990000009537,3.35587477684,0.980199992657,6.14233541489
3570,1.0,0.619503676891,0.980700016022,5.97615718842
3575,1.0,2.55643606186,0.980799973011,6.06075429916
3580,1.0,1.0686404705,0.981000006199,6.13354253769
3585,1.0,0.783262848854,0.980400025845,6.12697076797
3590,0.97000002861,6.09968614578,0.980799973011,6.011054039
3595,1.0,0.804649293423,0.981299996376,5.76189184189
3600,1.0,1.76323378086,0.981700003147,5.65581083298
3605,1.0,0.449633866549,0.982100009918,5.62110948563
3610,1.0,0.563082933426,0.98189997673,5.63703250885
3615,1.0,0.910786926746,0.981599986553,5.67880105972
3620,1.0,1.15074765682,0.982200026512,5.7407617569
3625,1.0,1.44460272789,0.982699990273,5.75255060196
3630,1.0,1.28431034088,0.982800006866,5.7147936821
3635,1.0,0.262296020985,0.982699990273,5.72773170471
3640,0.990000009537,1.98835670948,0.982599973679,5.72544193268
3645,0.990000009537,7.93230819702,0.983200013638,5.65014600754
3650,1.0,0.346816807985,0.982599973679,5.64502334595
3655,0.980000019073,1.91178250313,0.982100009918,5.65352296829
3660,1.0,2.03415369987,0.98140001297,5.7143163681
3665,0.980000019073,10.5629281998,0.981199979782,5.79693746567
3670,0.990000009537,3.21185874939,0.982400000095,5.78614234924
3675,0.990000009537,3.60644316673,0.982200026512,5.75158071518
3680,0.980000019073,3.13988184929,0.982699990273,5.74399805069
3685,0.990000009537,2.24471139908,0.982200026512,5.78081703186
3690,1.0,0.430275410414,0.982200026512,5.75503540039
3695,1.0,1.63002848625,0.981700003147,5.78047466278
3700,1.0,1.80986201763,0.982400000095,5.83777713776
3705,1.0,0.732596874237,0.981500029564,5.8801112175
3710,0.980000019073,8.00720310211,0.981999993324,5.80190038681
3715,1.0,1.08214843273,0.982100009918,5.7117099762
3720,1.0,1.69668793678,0.981700003147,5.79248380661
3725,0.990000009537,2.06416893005,0.982299983501,5.85763025284
3730,1.0,0.773477017879,0.981700003147,5.83454322815
3735,0.990000009537,1.92299675941,0.981500029564,5.79036998749
3740,1.0,1.25639414787,0.982400000095,5.70126008987
3745,0.980000019073,2.63148450851,0.98290002346,5.68577480316
3750,0.990000009537,6.83470726013,0.982599973679,5.69310617447
3755,1.0,1.31288957596,0.983099997044,5.66493177414
3760,0.990000009537,1.02873802185,0.98290002346,5.71111917496
3765,0.990000009537,2.09141111374,0.982299983501,5.77483463287
3770,0.990000009537,1.35085725784,0.982599973679,5.83370065689
3775,0.990000009537,4.04120111465,0.98299998045,5.75756454468
3780,0.990000009537,1.77089428902,0.982800006866,5.71359729767
3785,1.0,1.48643362522,0.982500016689,5.69762897491
3790,1.0,1.13344156742,0.982699990273,5.62501907349
3795,1.0,0.815731287003,0.982400000095,5.69211912155
3800,1.0,0.926343142986,0.981700003147,5.88882446289
3805,0.980000019073,4.43170452118,0.98189997673,5.83640241623
3810,0.990000009537,4.48399925232,0.981700003147,5.77860212326
3815,1.0,1.12756347656,0.982100009918,5.67808485031
3820,1.0,1.20642411709,0.982200026512,5.64247465134
3825,1.0,0.130397856236,0.981800019741,5.70907974243
3830,0.990000009537,2.50248098373,0.982200026512,5.78883934021
3835,0.990000009537,2.70752120018,0.981800019741,5.82254886627
3840,0.97000002861,25.5629653931,0.981299996376,5.91795349121
3845,1.0,1.06565034389,0.981500029564,5.84725093842
3850,1.0,0.963044047356,0.982800006866,5.76135253906
3855,0.990000009537,3.12172937393,0.982500016689,5.82578372955
3860,1.0,1.21285390854,0.982400000095,5.91031312943
3865,1.0,0.670448899269,0.981999993324,5.97197198868
3870,0.990000009537,5.92531108856,0.982400000095,5.84502363205
3875,0.980000019073,4.60706281662,0.983200013638,5.71584939957
3880,1.0,0.800801634789,0.983099997044,5.71098899841
3885,0.980000019073,4.02036762238,0.983399987221,5.7273144722
3890,1.0,1.71915566921,0.983200013638,5.76680660248
3895,1.0,0.632806837559,0.98290002346,5.78839111328
3900,1.0,0.679548919201,0.982599973679,5.83616399765
3905,1.0,1.59107708931,0.981999993324,5.88536643982
3910,1.0,0.655147373676,0.981999993324,5.89597988129
3915,1.0,1.25197458267,0.981500029564,5.93237638474
3920,0.990000009537,2.47036910057,0.981599986553,6.02993202209
3925,0.990000009537,2.76176738739,0.981999993324,6.18231725693
3930,1.0,0.967861890793,0.982500016689,6.05313873291
3935,1.0,1.69624984264,0.982200026512,6.05315303802
3940,1.0,0.930851042271,0.982100009918,5.95523071289
3945,1.0,0.439924657345,0.982299983501,5.85804986954
3950,1.0,0.666498780251,0.98189997673,5.79946804047
3955,0.990000009537,2.360039711,0.982100009918,5.77317905426
3960,0.990000009537,4.50271606445,0.982500016689,5.68274593353
3965,0.990000009537,6.49275112152,0.982100009918,5.5842089653
3970,0.990000009537,2.2225356102,0.982800006866,5.47681760788
3975,1.0,1.18413996696,0.982500016689,5.49169921875
3980,0.990000009537,2.25332474709,0.982699990273,5.57248497009
3985,0.990000009537,1.94716513157,0.982699990273,5.60913658142
3990,0.980000019073,3.44568824768,0.982599973679,5.56238985062
3995,0.990000009537,4.22707128525,0.982699990273,5.58534574509
4000,0.990000009537,3.0380487442,0.982299983501,5.62363767624
4005,1.0,2.02079963684,0.98299998045,5.56865119934
4010,0.990000009537,1.59575796127,0.983200013638,5.46611595154
4015,0.990000009537,1.50690996647,0.98299998045,5.42975234985
4020,1.0,1.75506007671,0.983099997044,5.38209104538
4025,0.990000009537,4.38087081909,0.982800006866,5.38120889664
4030,1.0,1.32477760315,0.98290002346,5.41771554947
4035,0.990000009537,2.76144957542,0.98299998045,5.47709035873
4040,1.0,1.04325532913,0.982599973679,5.55012321472
4045,1.0,1.49425077438,0.98290002346,5.6533446312
4050,0.990000009537,1.51291549206,0.983099997044,5.62673568726
4055,0.990000009537,2.81395292282,0.982599973679,5.63983392715
4060,0.990000009537,2.76860976219,0.982400000095,5.62343549728
4065,1.0,1.93818247318,0.982699990273,5.69084739685
4070,0.959999978542,5.7652349472,0.982599973679,5.76430892944
4075,1.0,0.25921741128,0.982299983501,5.72749042511
4080,1.0,1.77441096306,0.982699990273,5.74193716049
4085,0.990000009537,2.88371753693,0.982500016689,5.81286716461
4090,0.990000009537,6.63110113144,0.981999993324,5.85514736176
4095,1.0,1.03515338898,0.981999993324,5.88352060318
4100,1.0,0.456134229898,0.982400000095,5.78078269958
4105,1.0,1.172503829,0.982800006866,5.72225522995
4110,0.980000019073,5.98161125183,0.98290002346,5.72783279419
4115,1.0,0.559084415436,0.983200013638,5.63010406494
4120,0.990000009537,2.29040551186,0.983799993992,5.61159276962
4125,1.0,0.936501860619,0.982800006866,5.67451667786
4130,0.959999978542,8.50825595856,0.982200026512,5.80991458893
4135,0.990000009537,1.43184065819,0.98189997673,5.86983919144
4140,1.0,1.33167970181,0.981800019741,5.82100820541
4145,1.0,1.65976989269,0.981999993324,5.71894931793
4150,1.0,1.45885002613,0.98189997673,5.76816177368
4155,0.980000019073,6.54683208466,0.981700003147,5.88742589951
4160,0.980000019073,3.5588350296,0.980899989605,6.0852394104
4165,1.0,1.49024426937,0.980300009251,6.11011171341
4170,0.990000009537,2.88470983505,0.981000006199,6.0761847496
4175,1.0,0.683264970779,0.981000006199,5.98165178299
4180,0.990000009537,1.83394145966,0.98140001297,5.9372253418
4185,0.990000009537,1.22347021103,0.981700003147,5.851770401
4190,1.0,1.90609931946,0.981800019741,5.84023141861
4195,1.0,1.16845619678,0.981700003147,5.85692739487
4200,0.990000009537,1.78774499893,0.982699990273,5.75746536255
4205,1.0,0.875788450241,0.983200013638,5.64748716354
4210,0.990000009537,2.08642244339,0.983200013638,5.61253929138
4215,1.0,1.09259009361,0.982699990273,5.68924379349
4220,1.0,1.76922738552,0.981999993324,5.8193025589
4225,1.0,0.8614538908,0.981700003147,5.82700014114
4230,0.990000009537,2.45416331291,0.981700003147,5.83558607101
4235,0.990000009537,4.07736873627,0.982299983501,5.73646497726
4240,1.0,0.491519212723,0.982200026512,5.72944116592
4245,0.990000009537,2.33830404282,0.982699990273,5.77611494064
4250,1.0,0.456327289343,0.98290002346,5.75798511505
4255,1.0,0.71114051342,0.982699990273,5.75886774063
4260,1.0,1.17808425426,0.982699990273,5.7185254097
4265,1.0,0.183992549777,0.982800006866,5.66263723373
4270,1.0,0.507344007492,0.982800006866,5.64845371246
4275,0.990000009537,1.80606710911,0.982599973679,5.6517868042
4280,1.0,0.799594521523,0.981999993324,5.70497608185
4285,0.990000009537,6.0866060257,0.982400000095,5.74970579147
4290,0.980000019073,3.17217493057,0.982500016689,5.74163818359
4295,1.0,0.664539039135,0.982299983501,5.71357059479
4300,1.0,0.749736726284,0.982599973679,5.62916612625
4305,0.990000009537,2.31500458717,0.982699990273,5.56832313538
4310,1.0,0.617625236511,0.98299998045,5.5776219368
4315,1.0,0.874172687531,0.983699977398,5.60920000076
4320,1.0,0.548721432686,0.983200013638,5.62281799316
4325,1.0,1.13123202324,0.983200013638,5.61725330353
4330,1.0,1.71864259243,0.982699990273,5.60879325867
4335,1.0,1.30119490623,0.98290002346,5.68871879578
4340,0.990000009537,3.53157138824,0.983099997044,5.74690198898
4345,0.990000009537,4.94380807877,0.982599973679,5.81726741791
4350,1.0,0.969199299812,0.983200013638,5.7514538765
4355,1.0,1.01317679882,0.982699990273,5.71090602875
4360,1.0,0.592889845371,0.98290002346,5.72639513016
4365,0.990000009537,2.37631344795,0.98290002346,5.75226736069
4370,1.0,1.09654998779,0.982500016689,5.6922044754
4375,0.990000009537,1.08063924313,0.982299983501,5.64708137512
4380,0.990000009537,6.62221765518,0.982299983501,5.63007688522
4385,0.990000009537,2.25625419617,0.982100009918,5.64775753021
4390,1.0,0.671006143093,0.982599973679,5.69252347946
4395,1.0,0.515070796013,0.981800019741,5.77525997162
4400,0.990000009537,1.38407278061,0.982500016689,5.83236074448
4405,1.0,0.86059242487,0.981999993324,5.8196554184
4410,0.990000009537,1.83075404167,0.981599986553,5.84846639633
4415,1.0,1.00875306129,0.981800019741,5.86766433716
4420,1.0,0.618766605854,0.981800019741,5.83527708054
4425,0.990000009537,2.98748636246,0.981299996376,5.71678590775
4430,0.990000009537,2.91635131836,0.981500029564,5.63484430313
4435,1.0,1.18490719795,0.981800019741,5.64921092987
4440,1.0,0.147039026022,0.982299983501,5.65318822861
4445,1.0,1.61065590382,0.981800019741,5.65247488022
4450,1.0,1.46211004257,0.981800019741,5.63433599472
4455,0.990000009537,4.14037942886,0.982100009918,5.62787771225
4460,1.0,0.479077726603,0.98189997673,5.6493139267
4465,0.990000009537,2.57672905922,0.982200026512,5.76838350296
4470,0.990000009537,2.02779889107,0.982400000095,5.87661457062
4475,1.0,1.37648308277,0.981999993324,5.88759613037
4480,0.990000009537,2.19189929962,0.982500016689,5.78738260269
4485,1.0,0.755049228668,0.982400000095,5.65455913544
4490,1.0,0.776514947414,0.98189997673,5.5976061821
4495,1.0,0.638990223408,0.98189997673,5.58220720291
4500,1.0,0.520907044411,0.981599986553,5.61054706573
4505,1.0,1.57646465302,0.981999993324,5.67449903488
4510,1.0,2.24886083603,0.982200026512,5.71544122696
4515,1.0,0.311480462551,0.982400000095,5.70708417892
4520,0.990000009537,1.90704989433,0.982599973679,5.69802761078
4525,1.0,1.98844897747,0.981999993324,5.64585065842
4530,1.0,0.772515654564,0.98189997673,5.54405403137
4535,1.0,1.14343214035,0.982599973679,5.49576711655
4540,0.990000009537,3.25708937645,0.98290002346,5.48847913742
4545,0.990000009537,1.45089840889,0.983399987221,5.49843883514
4550,0.990000009537,1.42352640629,0.983299970627,5.53602552414
4555,1.0,0.951462507248,0.983500003815,5.58072137833
4560,1.0,1.19547605515,0.983299970627,5.56927728653
4565,1.0,0.491237819195,0.982800006866,5.60229873657
4570,0.980000019073,2.46172761917,0.982699990273,5.66944265366
4575,1.0,0.508141338825,0.982599973679,5.64745569229
4580,1.0,0.777514636517,0.982699990273,5.58108520508
4585,1.0,1.26786065102,0.982400000095,5.52775621414
4590,1.0,0.631998360157,0.982699990273,5.58031368256
4595,1.0,0.652747511864,0.98290002346,5.63794660568
4600,1.0,0.654402256012,0.982200026512,5.71975231171
4605,0.990000009537,4.7805519104,0.981999993324,5.78165578842
4610,1.0,0.860278427601,0.982299983501,5.74941396713
4615,0.990000009537,2.93327784538,0.982500016689,5.72232961655
4620,1.0,0.777088999748,0.982599973679,5.69172620773
4625,1.0,1.05918478966,0.982699990273,5.69168043137
4630,1.0,0.705741047859,0.982699990273,5.72816896439
4635,0.990000009537,2.33466959,0.982500016689,5.74858999252
4640,1.0,0.350281596184,0.982699990273,5.75047969818
4645,0.990000009537,1.4340569973,0.982500016689,5.79730606079
4650,1.0,1.16208410263,0.98299998045,5.73182010651
4655,1.0,0.119772724807,0.98290002346,5.71925878525
4660,1.0,0.284116029739,0.982800006866,5.70442962646
4665,0.990000009537,2.06847667694,0.98290002346,5.71693944931
4670,1.0,2.43976593018,0.982699990273,5.70196771622
4675,0.990000009537,3.54393911362,0.982500016689,5.70123767853
4680,0.990000009537,1.30579411983,0.983399987221,5.6624341011
4685,0.990000009537,1.79709005356,0.982699990273,5.72160053253
4690,0.990000009537,1.69417119026,0.982699990273,5.76287937164
4695,1.0,0.499887079,0.982699990273,5.76638317108
4700,0.990000009537,2.1027777195,0.982699990273,5.78220462799
4705,0.990000009537,1.80048882961,0.983099997044,5.79871082306
4710,1.0,1.30386137962,0.983399987221,5.73958301544
4715,1.0,0.446849316359,0.983500003815,5.76875162125
4720,1.0,0.583186626434,0.983299970627,5.79513788223
4725,1.0,1.32522773743,0.983399987221,5.78307628632
4730,0.990000009537,1.73271358013,0.983099997044,5.74652099609
4735,0.990000009537,3.32976770401,0.98290002346,5.76387691498
4740,0.990000009537,1.76220011711,0.983399987221,5.82777404785
4745,0.990000009537,2.20046639442,0.982599973679,5.85564041138
4750,1.0,1.75049829483,0.982800006866,5.8310213089
4755,1.0,1.01073420048,0.982599973679,5.86501264572
4760,0.990000009537,1.11896276474,0.981999993324,5.91713142395
4765,0.980000019073,6.68413877487,0.982299983501,5.91933774948
4770,0.990000009537,4.7110285759,0.982200026512,5.9261264801
4775,1.0,0.610391974449,0.98290002346,5.87610340118
4780,0.97000002861,8.31584835052,0.98299998045,5.80588579178
4785,1.0,0.68668448925,0.983699977398,5.66403961182
4790,1.0,0.950664758682,0.98290002346,5.65191650391
4795,1.0,0.304587632418,0.98299998045,5.74694633484
4800,1.0,0.305596649647,0.982800006866,5.86680459976
4805,0.97000002861,4.53131771088,0.982500016689,5.90315437317
4810,1.0,1.63570320606,0.98290002346,5.70370578766
4815,0.990000009537,2.60291671753,0.983200013638,5.75974369049
4820,1.0,1.44987404346,0.98299998045,5.84123277664
4825,0.990000009537,2.70278096199,0.98299998045,5.88395166397
4830,1.0,1.67062985897,0.983099997044,5.84170532227
4835,1.0,1.06781709194,0.983299970627,5.82628488541
4840,1.0,0.583985805511,0.983299970627,5.79282474518
4845,0.990000009537,2.46666574478,0.983299970627,5.78182840347
4850,1.0,0.614220321178,0.983200013638,5.74897575378
4855,0.980000019073,3.0420794487,0.982800006866,5.77203989029
4860,1.0,0.971475124359,0.983099997044,5.78359460831
4865,0.990000009537,1.30898356438,0.982699990273,5.79273843765
4870,1.0,0.579925894737,0.982500016689,5.84344482422
4875,1.0,0.829389810562,0.982500016689,5.86284351349
4880,1.0,0.669015705585,0.982500016689,5.87251901627
4885,0.990000009537,2.64219856262,0.982299983501,5.88446426392
4890,1.0,0.378312855959,0.982500016689,5.88642787933
4895,1.0,0.761941671371,0.98189997673,5.83640956879
4900,1.0,1.00372576714,0.981500029564,5.8130440712
4905,0.990000009537,3.34167695045,0.982100009918,5.80726385117
4910,1.0,0.888813555241,0.981999993324,5.87632703781
4915,0.990000009537,4.93373155594,0.982299983501,5.89386844635
4920,1.0,0.144127354026,0.982500016689,5.92737913132
4925,0.990000009537,1.79087591171,0.982200026512,5.9428601265
4930,0.990000009537,2.62091970444,0.982500016689,5.86170768738
4935,1.0,0.571840763092,0.982400000095,5.77602481842
4940,1.0,0.490174263716,0.982200026512,5.76828861237
4945,1.0,1.03178656101,0.982299983501,5.79640769958
4950,1.0,1.08749985695,0.982299983501,5.78480005264
4955,0.990000009537,1.82483935356,0.982500016689,5.76741600037
4960,0.980000019073,3.31239175797,0.982699990273,5.80597162247
4965,1.0,1.15290617943,0.982500016689,5.85355710983
4970,1.0,0.173771649599,0.981999993324,5.86754369736
4975,0.990000009537,1.51354384422,0.982500016689,5.83181905746
4980,0.990000009537,7.64952611923,0.982800006866,5.78161811829
4985,1.0,0.759244441986,0.98290002346,5.80119132996
4990,1.0,0.67780071497,0.982800006866,5.84798765182
4995,1.0,0.960150361061,0.982699990273,5.84445095062
5000,0.990000009537,1.89520609379,0.982699990273,5.82794857025
